{
    "100000.0_0.1_0": {
        "I": {
            "amplitude": 15811.0,
            "sigma": 0.12380886401807117
        },
        "G": {
            "amplitude": 223.38432538563046,
            "sigma": 0.09495706401082556
        }
    },
    "300000.0_0.1_0": {
        "I": {
            "amplitude": 31956.0,
            "sigma": 0.14556642268413636
        },
        "G": {
            "amplitude": 943.6006154698009,
            "sigma": 0.11033013825560373
        }
    },
    "500000.0_0.1_0": {
        "I": {
            "amplitude": 39658.0,
            "sigma": 0.15457890093645854
        },
        "G": {
            "amplitude": 1434.4357798856172,
            "sigma": 0.12011224087864499
        }
    },
    "25000.0_0.1_0": {
        "I": {
            "amplitude": 4309.0,
            "sigma": 0.12197455722062465
        },
        "G": {
            "amplitude": 18.61565373030008,
            "sigma": 0.09495706401082556
        }
    },
    "50000.0_0.1_0": {
        "I": {
            "amplitude": 8919.0,
            "sigma": 0.12011224087864499
        },
        "G": {
            "amplitude": 77.82994383417972,
            "sigma": 0.08493218002880192
        }
    },
    "75000.0_0.1_0": {
        "I": {
            "amplitude": 12591.0,
            "sigma": 0.12011224087864499
        },
        "G": {
            "amplitude": 156.92647447483614,
            "sigma": 0.08223522970216
        }
    },
    "125000.0_0.1_0": {
        "I": {
            "amplitude": 18766.0,
            "sigma": 0.12561638830074298
        },
        "G": {
            "amplitude": 327.20371744219403,
            "sigma": 0.09255269745003775
        }
    },
    "150000.0_0.1_0": {
        "I": {
            "amplitude": 21039.0,
            "sigma": 0.1359578251201079
        },
        "G": {
            "amplitude": 425.6618414034958,
            "sigma": 0.09730203597990035
        }
    },
    "175000.0_0.1_0": {
        "I": {
            "amplitude": 23343.0,
            "sigma": 0.13428956776723963
        },
        "G": {
            "amplitude": 516.7347528269528,
            "sigma": 0.09959180893081332
        }
    },
    "200000.0_0.1_0": {
        "I": {
            "amplitude": 24630.0,
            "sigma": 0.14243559601623834
        },
        "G": {
            "amplitude": 579.2689898713094,
            "sigma": 0.10183010658144981
        }
    },
    "225000.0_0.1_0": {
        "I": {
            "amplitude": 27230.0,
            "sigma": 0.14243559601623834
        },
        "G": {
            "amplitude": 698.7391809166731,
            "sigma": 0.09959180893081332
        }
    },
    "250000.0_0.1_0": {
        "I": {
            "amplitude": 28699.0,
            "sigma": 0.14400951778538407
        },
        "G": {
            "amplitude": 772.4823326925033,
            "sigma": 0.1061652250360024
        }
    },
    "275000.0_0.1_0": {
        "I": {
            "amplitude": 30250.0,
            "sigma": 0.14710685100747162
        },
        "G": {
            "amplitude": 849.8013052769546,
            "sigma": 0.11033013825560373
        }
    },
    "X100000.0_0.1_50": {
        "I": {
            "amplitude": 15996.0,
            "sigma": 0.12739827004320287
        },
        "G": {
            "amplitude": 248.4118708865272,
            "sigma": 0.08493218002880192
        }
    },
    "200000.0_0.1_50": {
        "I": {
            "amplitude": 14487.0,
            "sigma": 0.15457890093645854
        },
        "G": {
            "amplitude": 163.97836507940897,
            "sigma": 0.11434344672107899,
            "old_amplitude": 183.97836507940897
        }
    },
    "200000.0_0.1_0.15": {
        "I": {
            "amplitude": 25643.0,
            "sigma": 0.13760585892928998
        },
        "G": {
            "amplitude": 635.0888363111472,
            "sigma": 0.09255269745003775
        }
    },
    "200000.0_0.1_15": {
        "I": {
            "amplitude": 20546.0,
            "sigma": 0.14710685100747162
        },
        "G": {
            "amplitude": 390.7714820509711,
            "sigma": 0.10826771082470908
        }
    },
    "200000.0_0.1_30": {
        "I": {
            "amplitude": 17532.0,
            "sigma": 0.15311366501539192
        },
        "G": {
            "amplitude": 272.53664889215025,
            "sigma": 0.11434344672107899
        }
    },
    "200000.0_0.5_50": {
        "I": {
            "amplitude": 73053.0,
            "sigma": 0.15311366501539192
        },
        "G": {
            "amplitude": 963.8586826967589,
            "sigma": 0.11629817714966145
        }
    },
    "200000.0_0.3_50": {
        "I": {
            "amplitude": 43338.0,
            "sigma": 0.15603037785957344
        },
        "G": {
            "amplitude": 568.5048668732733,
            "sigma": 0.12011224087864499
        }
    },
    "100000.0_0.1_50": {
        "I": {
            "amplitude": 15721.559130433661,
            "sigma": 0.12772704278172728
        },
        "G": {
            "amplitude": 76.57842886947286,
            "sigma": 0.09381278604466686
        }
    },
    "50000.0_0.2_50": {
        "I": {
            "amplitude": 20270.78492320081,
            "sigma": 0.12176014930947086
        },
        "G": {
            "amplitude": 65.17309966385939,
            "sigma": 0.08775989103253055
        }
    },
    "50000.0_0.3_50": {
        "I": {
            "amplitude": 30094.867167766875,
            "sigma": 0.12174015071237031
        },
        "G": {
            "amplitude": 95.38024237196389,
            "sigma": 0.08812713569954198
        }
    },
    "X1000.0_10_50": {
        "I": {
            "amplitude": 28076.98939919317,
            "sigma": 0.11330026008712715
        },
        "G": {
            "amplitude": 2.9156487787183623,
            "sigma": 0.07743313894514126
        }
    },
    "XX1000.0_10_50": {
        "I": {
            "amplitude": 28434.386132153886,
            "sigma": 0.11336702924257694
        },
        "G": {
            "amplitude": 3.05369527756255,
            "sigma": 0.07619395534157142
        }
    },
    "1000.0_10_50": {
        "I": {
            "amplitude": 28561.347855424363,
            "sigma": 0.11304646411380007
        },
        "G": {
            "amplitude": 3.3180041150458552,
            "sigma": 0.07258935467739587
        }
    },
    "10000.0_10_50": {
        "I": {
            "amplitude": 260061.851810337,
            "sigma": 0.1158520980082639
        },
        "G": {
            "amplitude": 133.15354109960379,
            "sigma": 0.08319285354801562
        }
    },
    "10000.0_1_50": {
        "I": {
            "amplitude": 26291.43881348693,
            "sigma": 0.11512208081830418
        },
        "G": {
            "amplitude": 18.52014077389812,
            "sigma": 0.08319409155797314
        }
    },
    "10000.0_3_50": {
        "I": {
            "amplitude": 79355.3558485481,
            "sigma": 0.11502381214346032
        },
        "G": {
            "amplitude": 46.17619248094056,
            "sigma": 0.0839107787879952
        }
    },
    "X10000.0_2_50": {
        "I": {
            "amplitude": 52432.0783175174,
            "sigma": 0.1153852556786192
        },
        "G": {
            "amplitude": 33.66364806749709,
            "sigma": 0.0824764542973971
        }
    },
    "10000.0_2_0": {
        "I": {
            "amplitude": 56530.2598620227,
            "sigma": 0.11335976916189519
        },
        "G": {
            "Xamplitude": 36.181818686199726,
            "amplitude": 73.18181868619972,
            "Xsigma": 0.08270367163730291,
            "sigma": 0.085
        }
    },
    "X10000.0_2_5": {
        "I": {
            "amplitude": 55184.566450057704,
            "sigma": 0.11448288291102802
        },
        "G": {
            "amplitude": 33.87353375834572,
            "sigma": 0.08445351245845897
        }
    },